Workbook

Sheet Tarjetas E2
A1: ID | B1: Título | C1: Semana | D1: Tipo | E1: Responsable | F1: Revisor | G1: Inicio previsto | H1: Vencimiento | I1: Horas responsable | J1: Horas equipo | K1: Estado | L1: Cierre (GitHub) | M1: Horas reales equipo | N1: Inicio real | O1: Cierre real
A2: K001 | B2: Configurar repositorio y reglas de integración | C2: S01 | D2: Infraestructura | E2: Clemente Acevedo | F2: Felipe Arnolds | G2: 2026-09-14 | H2: 2026-09-14 | I2: 2 | J2: 2.5 | K2: Cerrada | L2: 2026-09-15
A3: K002 | B3: Elegir gestor y probar una migración | C3: S01 | D3: Análisis | E3: Felipe Arnolds | F3: Jorge Molina | G3: 2026-09-15 | H3: 2026-09-16 | I3: 3 | J3: 3.5 | K3: Cerrada | L3: 2026-09-20
A4: K003 | B4: Preparar la base y el modelo inicial | C4: S01 | D4: Desarrollo | E4: Clemente Acevedo | F4: Felipe Arnolds | G4: 2026-09-17 | H4: 2026-09-17 | I4: 3 | J4: 3.5 | K4: Cerrada | L4: 2026-09-20
A5: K004 | B5: Construir la estructura de navegación web | C5: S01 | D5: Desarrollo | E5: Jorge Molina | F5: Felipe Arnolds | G5: 2026-09-15 | H5: 2026-09-17 | I5: 4 | J5: 4.5 | K5: Cerrada | L5: 2026-09-15
A6: K005 | B6: Resolver almacenamiento y prototipo de fotos | C6: S01 | D6: Análisis | E6: Felipe Espinoza | F6: Vicente Reñasco | G6: 2026-09-15 | H6: 2026-09-16 | I6: 3 | J6: 3.5 | K6: Cerrada | L6: 2026-09-20
A7: K006 | B7: Preparar Docker Compose y CI inicial | C7: S01 | D7: Infraestructura | E7: Vicente Reñasco | F7: Jorge Molina | G7: 2026-09-15 | H7: 2026-09-17 | I7: 4 | J7: 4.5 | K7: Cerrada | L7: 2026-09-20
A8: K007 | B8: Crear tablero y criterios comunes | C8: S01 | D8: Gestión | E8: Felipe Espinoza | F8: Felipe Arnolds | G8: 2026-09-17 | H8: 2026-09-17 | I8: 1.5 | J8: 1.75 | K8: Cerrada | L8: 2026-09-20
A9: K008 | B9: Implementar sesión y permisos del backend | C9: S02 | D9: Desarrollo | E9: Clemente Acevedo | F9: Felipe Espinoza | G9: 2026-09-21 | H9: 2026-09-24 | I9: 3.5 | J9: 4 | K9: Cerrada | L9: 2026-09-21
A10: K009 | B10: Integrar registro y sesión en la web | C10: S02 | D10: Desarrollo | E10: Jorge Molina | F10: Vicente Reñasco | G10: 2026-09-21 | H10: 2026-09-25 | I10: 3 | J10: 3.5 | K10: Cerrada | L10: 2026-09-22
A11: K010 | B11: Implementar borrador y publicación de lotes | C11: S02 | D11: Desarrollo | E11: Felipe Arnolds | F11: Clemente Acevedo | G11: 2026-09-21 | H11: 2026-09-24 | I11: 3.5 | J11: 4 | K11: Cerrada | L11: 2026-09-21
A12: K011 | B12: Construir formulario de lote del operador | C12: S02 | D12: Desarrollo | E12: Felipe Espinoza | F12: Felipe Arnolds | G12: 2026-09-21 | H12: 2026-09-25 | I12: 3 | J12: 3.5 | K12: Cerrada | L12: 2026-09-27
A13: K012 | B13: Probar identidad y publicación con datos semilla | C13: S02 | D13: Pruebas | E13: Vicente Reñasco | F13: Felipe Espinoza | G13: 2026-09-25 | H13: 2026-09-26 | I13: 3 | J13: 3.5 | K13: Cerrada | L13: 2026-09-27
... A21: K020 | B21: Revisar y enviar el paquete de E2 | C21: S03 | D21: Entrega | E21: Felipe Espinoza | F21: Vicente Reñasco | G21: 2026-10-03 | H21: 2026-10-03 | I21: 1 | J21: 1.25 | K21: Cerrada | L21: 2026-10-03
A23: Total | I23: =SUM(I2:I21) | J23: =SUM(J2:J21)

Sheet Resumen
A1: Semana | B1: Horas equipo | C1: Cerradas | D1: Abiertas | E1: Tarjetas
A2: S01 | B2: =SUMIFS('Tarjetas E2'!J:J,'Tarjetas E2'!C:C,"S01") | C2: =SUMIFS('Tarjetas E2'!J:J,'Tarjetas E2'!C:C,"S01",'Tarjetas E2'!K:K,"Cerrada") | D2: =B2-C2 | E2: =COUNTIF('Tarjetas E2'!C:C,"S01")
A3: S02 | B3: =SUMIFS('Tarjetas E2'!J:J,'Tarjetas E2'!C:C,"S02") | C3: =SUMIFS('Tarjetas E2'!J:J,'Tarjetas E2'!C:C,"S02",'Tarjetas E2'!K:K,"Cerrada") | D3: =B3-C3 | E3: =COUNTIF('Tarjetas E2'!C:C,"S02")
A4: S03 | B4: =SUMIFS('Tarjetas E2'!J:J,'Tarjetas E2'!C:C,"S03") | C4: =SUMIFS('Tarjetas E2'!J:J,'Tarjetas E2'!C:C,"S03",'Tarjetas E2'!K:K,"Cerrada") | D4: =B4-C4 | E4: =COUNTIF('Tarjetas E2'!C:C,"S03")
A5: Total | B5: =SUM(B2:B4) | C5: =SUM(C2:C4) | D5: =SUM(D2:D4) | E5: =SUM(E2:E4)
A7: Responsable | B7: Horas responsable | C7: Tarjetas
A8: Clemente Acevedo | B8: =SUMIFS('Tarjetas E2'!I:I,'Tarjetas E2'!E:E,"Clemente Acevedo") | C8: =COUNTIF('Tarjetas E2'!E:E,"Clemente Acevedo")
A9: Felipe Arnolds | B9: =SUMIFS('Tarjetas E2'!I:I,'Tarjetas E2'!E:E,"Felipe Arnolds") | C9: =COUNTIF('Tarjetas E2'!E:E,"Felipe Arnolds")
A10: Jorge Molina | B10: =SUMIFS('Tarjetas E2'!I:I,'Tarjetas E2'!E:E,"Jorge Molina") | C10: =COUNTIF('Tarjetas E2'!E:E,"Jorge Molina")
A11: Felipe Espinoza | B11: =SUMIFS('Tarjetas E2'!I:I,'Tarjetas E2'!E:E,"Felipe Espinoza") | C11: =COUNTIF('Tarjetas E2'!E:E,"Felipe Espinoza")
A12: Vicente Reñasco | B12: =SUMIFS('Tarjetas E2'!I:I,'Tarjetas E2'!E:E,"Vicente Reñasco") | C12: =COUNTIF('Tarjetas E2'!E:E,"Vicente Reñasco")
A14: Las columnas amarillas de Tarjetas E2 (horas reales, inicio y cierre reales) quedan para que cada responsable las complete: el tablero las tiene sin registrar.

Sheet Plan S04-S11
A1: ID | B1: Título | C1: Semana | D1: Entrega | E1: Tipo | F1: Prioridad | G1: Responsable | H1: Inicio previsto | I1: Vencimiento | J1: Horas responsable | K1: Horas equipo | L1: RF o referencia | M1: Estado
A2: K021 | B2: Completar reserva e idempotencia transaccional | C2: S04 | D2: E3 | E2: Desarrollo | F2: Alta | G2: Clemente Acevedo | H2: 2026-10-05 | I2: 2026-10-07 | J2: 4 | K2: 4.5 | L2: RF04 RNF01 | M2: Pendiente
A3: K022 | B3: Implementar cancelación y códigos de retiro | C3: S04 | D3: E3 | E3: Desarrollo | F3: Alta | G3: Felipe Arnolds | H3: 2026-10-08 | I3: 2026-10-09 | J3: 4 | K3: 4.5 | L3: RF05 RF06 RF08 | M3: Pendiente
A4: K023 | B4: Completar la vista de reserva y cancelación | C4: S04 | D4: E3 | E4: Desarrollo | F4: Alta | G4: Jorge Molina | H4: 2026-10-05 | I4: 2026-10-09 | J4: 3.5 | K4: 4 | L4: RF04 RF05 RF06 | M4: Pendiente
A5: K024 | B5: Construir validación de entrega del operador | C5: S04 | D5: E3 | E5: Desarrollo | F5: Alta | G5: Felipe Espinoza | H5: 2026-10-05 | I5: 2026-10-09 | J5: 3.5 | K5: 4 | L5: RF06 RF10 | M5: Pendiente
A6: K025 | B6: Probar concurrencia y límites de retiro | C6: S04 | D6: E3 | E6: Pruebas | F6: Alta | G6: Vicente Reñasco | H6: 2026-10-10 | I6: 2026-10-10 | J6: 4 | K6: 4.5 | L6: RF04 RF05 RF06 RF08 | M6: Pendiente
A7: K026 | B7: Incorporar feedback de E2 | C7: S04 | D7: E3 | E7: Gestión | F7: Alta | G7: Jorge Molina | H7: 2026-10-09 | I7: 2026-10-10 | J7: 1 | K7: 1.25 | L7: E2 E3 | M7: Pendiente
A8: P2 | B8: Presentar E2 y guardar observaciones | C8: S04 | D8: E2 | E8: Entrega | F8: Alta | G8: Vicente Reñasco | H8: 2026-10-05 | I8: 2026-10-07 | J8: 0.25 | K8: 1.25 | L8: Entrega | M8: Pendiente
A9: R04 | B9: Revisar semana y preparar la siguiente | C9: S04 | D9: E3 | E9: Gestión | F9: Alta | G9: Felipe Espinoza | H9: 2026-10-10 | I9: 2026-10-10 | J9: 0.5 | K9: 2.5 | L9: Proceso | M9: Pendiente
A10: K027 | B10: Implementar cola FIFO y ofertas | C10: S05 | D10: E3 | E10: Desarrollo | F10: Alta | G10: Clemente Acevedo | H10: 2026-10-12 | I10: 2026-10-14 | J10: 4 | K10: 4.5 | L10: RF07 | M10: Pendiente
A11: K028 | B11: Implementar trabajador de vencimientos | C11: S05 | D11: E3 | E11: Desarrollo | F11: Alta | G11: Felipe Arnolds | H11: 2026-10-12 | I11: 2026-10-14 | J11: 3.5 | K11: 4 | L11: RF08 | M11: Pendiente
A12: K029 | B12: Construir espera y aceptación de oferta | C12: S05 | D12: E3 | E12: Desarrollo | F12: Alta | G12: Jorge Molina | H12: 2026-10-12 | I12: 2026-10-16 | J12: 3.5 | K12: 4 | L12: RF07 | M12: Pendiente
A13: K030 | B13: Implementar avisos internos y outbox | C13: S05 | D13: E3 | E13: Desarrollo | F13: Alta | G13: Felipe Espinoza | H13: 2026-10-12 | I13: 2026-10-16 | J13: 4 | K13: 4.5 | L13: RF09 | M13: Pendiente
... A54: K062 | B54: Archivar material y cerrar accesos del piloto | C54: S11 | D54: E4 | E54: Gestión | F54: Alta | G54: Vicente Reñasco | H54: 2026-11-26 | I54: 2026-11-27 | J54: 0.75 | K54: 1 | L54: E4 | M54: Pendiente
A56: Total | J56: =SUM(J2:J54) | K56: =SUM(K2:K54)
